[
    {
        "POS": "adj1",
        "Entries": [
            "base",
            "contemptible",
            "despicable",
            "disreputable",
            "ignoble",
            "infernal",
            "mean",
            "snide",
            "sorid",
            "cruel",
            "obscene",
            "debased",
            "debauched",
            "libertine",
            "reprobate",
            "scrofulous",
            "cursed",
            "noxious",
            "pernicious",
            "pestilential"
        ]
    },
    {
        "POS": "noun1",
        "Entries": [
            "goblin",
            "curr",
            "great old one",
            "non-euclidean geometry",
            "far-realms aberration",
            "wizard",
            "sensei",
            "automaton",
            "lawman",
            "maid",
            "librarian",
            "leader",
            "politician",
            "figurehead",
            "dragon",
            "illithid",
            "spirit",
            "monk",
            "man-of-the-people",
            "merchant"
        ]
    },
    {
        "POS": "adj2",
        "Entries": [
            "lousy",
            "miserable",
            "wretched",
            "errant",
            "unprincipled",
            "unscrupulous",
            "indecent",
            "indecorous",
            "naughty",
            "unbecoming",
            "unseemly",
            "vulgar",
            "dishonest",
            "sublime",
            "curst",
            "unwholesome",
            "condemned",
            "censurable",
            "objectionable",
            "reprehensible"
        ]
    },
    {
        "POS": "noun2",
        "Entries": [
            "luck",
            "anger",
            "despair",
            "happiness",
            "hate",
            "indifference",
            "joy",
            "grief",
            "love",
            "sadness",
            "sorrow",
            "brilliance",
            "courage",
            "dedication",
            "determination",
            "generosity",
            "honesty",
            "patience",
            "trust",
            "energy",
            "motivation",
            "faith",
            "perseverance",
            "curiosity",
            "interest",
            "knowledge",
            "wisdom"
        ]
    },
    {
        "POS": "endphrase",
        "Entries": [
            "can't get any",
            "won't let that stop them",
            "can't get off the couch",
            "won't rest until they get revenge",
            "can't forget and won't forgive",
            "can't stop won't stop",
            "is hypocritical of their subcontractors",
            "has slowly slipped into disolution",
            "won't hesitate to push over an old lady",
            "was one week from retiring when it all went wrong",
            "is doing this to impress somebody they have no chance with",
            "never finished the training",
            "was never given the chance",
            "having problems with reality",
            "never seems to catch a break",
            "is just bad. They're just bad. Period",
            "can't seem to get over this rash",
            "doesn't really care anymore, but still has to prove a point",
            "is was ostriczied for not bathing",
            "almost turned over a new leaf",
            "has 1000 plans to deal with you",
            "got in too deep, and has to go all the way",
            "doesn't expect you to talk, but does expect you to die",
            "is just trying to make their parents proud",
            "is your long lost twin, and has gotten up to some werid stuff lately",
            "is blessed/cursed by a power older than the stars"
        ]
    },
    {
        "POS": "subtrait1",
        "Entries": [
            "Accessible",
            "Active",
            "Adaptable",
            "Admirable",
            "Adventurous",
            "Agreeable",
            "Alert",
            "Amiable",
            "Anticipative",
            "Appreciative",
            "Articulate",
            "Aspiring",
            "Athletic",
            "Attractive",
            "Balanced",
            "Benevolent",
            "Brilliant",
            "Calm",
            "Capable",
            "Captivating",
            "Caring",
            "Challenging",
            "Charismatic",
            "Charming",
            "Cheerful",
            "Clean",
            "Clear-headed",
            "Clever",
            "Colorful",
            "Companionly",
            "Compassionate",
            "Conciliatory",
            "Confident",
            "Conscientious",
            "Considerate",
            "Constant",
            "Contemplative",
            "Cooperative",
            "Courageous",
            "Courteous",
            "Creative",
            "Cultured",
            "Curious",
            "Daring",
            "Debonair",
            "Decent",
            "Decisive",
            "Dedicated",
            "Deep",
            "Dignified",
            "Directed",
            "Disciplined",
            "Discreet",
            "Dramatic",
            "Dutiful",
            "Dynamic",
            "Earnest",
            "Ebullient",
            "Educated",
            "Efficient",
            "Elegant",
            "Eloquent",
            "Empathetic",
            "Energetic",
            "Enthusiastic",
            "Esthetic",
            "Exciting",
            "Extraordinary",
            "Fair",
            "Faithful",
            "Farsighted",
            "Felicific",
            "Firm",
            "Flexible",
            "Focused",
            "Forceful",
            "Forgiving",
            "Forthright",
            "Freethinking",
            "Friendly",
            "Fun-loving",
            "Gallant",
            "Generous",
            "Gentle",
            "Genuine",
            "Good-natured",
            "Gracious",
            "Hardworking",
            "Healthy",
            "Hearty",
            "Helpful",
            "Heroic",
            "High-minded",
            "Honest",
            "Honorable",
            "Humble",
            "Humorous",
            "Idealistic",
            "Imaginative",
            "Impressive",
            "Incisive",
            "Incorruptible",
            "Independent",
            "Individualistic",
            "Innovative",
            "Inoffensive",
            "Insightful",
            "Insouciant",
            "Intelligent",
            "Intuitive",
            "Invulnerable",
            "Kind",
            "Knowledge",
            "Leader",
            "Leisurely",
            "Liberal",
            "Logical",
            "Lovable",
            "Loyal",
            "Lyrical",
            "Magnanimous",
            "Many-sided",
            "Masculine",
            "Mature",
            "Methodical",
            "Meticulous",
            "Moderate",
            "Modest",
            "Multi-leveled",
            "Neat",
            "Objective",
            "Observant",
            "Open",
            "Optimistic",
            "Orderly",
            "Organized",
            "Original",
            "Painstaking",
            "Passionate",
            "Patient",
            "Patriotic",
            "Peaceful",
            "Perceptive",
            "Perfectionist",
            "Personable",
            "Persuasive",
            "Playful",
            "Polished",
            "Popular",
            "Practical",
            "Precise",
            "Principled",
            "Profound",
            "Protean",
            "Protective",
            "Providential",
            "Prudent",
            "Punctual",
            "Purposeful",
            "Rational",
            "Realistic",
            "Reflective",
            "Relaxed",
            "Reliable",
            "Resourceful",
            "Respectful",
            "Responsible",
            "Responsive",
            "Reverential",
            "Romantic",
            "Rustic",
            "Sage",
            "Sane",
            "Scholarly",
            "Scrupulous",
            "Secure",
            "Selfless",
            "Self-critical",
            "Self-defacing",
            "Self-denying",
            "Self-reliant",
            "Self-sufficent",
            "Sensitive",
            "Sentimental",
            "Seraphic",
            "Serious",
            "Sexy",
            "Sharing",
            "Shrewd",
            "Simple",
            "Skillful",
            "Sober",
            "Sociable",
            "Solid",
            "Sophisticated",
            "Spontaneous",
            "Sporting",
            "Stable",
            "Steadfast",
            "Steady",
            "Stoic",
            "Strong",
            "Studious",
            "Suave",
            "Subtle",
            "Sweet",
            "Sympathetic",
            "Systematic",
            "Tasteful",
            "Teacherly",
            "Thorough",
            "Tidy",
            "Tolerant",
            "Tractable",
            "Trusting",
            "Uncomplaining",
            "Understanding",
            "Undogmatic",
            "Upright",
            "Urbane",
            "Venturesome",
            "Vivacious",
            "Warm",
            "Well-bred",
            "Well-read",
            "Well-rounded",
            "Winning",
            "Wise",
            "Witty",
            "Youthful"
        ]
    },
    {
        "POS": "subtrait2",
        "Entries": [
            "Absentminded",
            "Aggressive",
            "Ambitious",
            "Amusing",
            "Artful",
            "Ascetic",
            "Authoritarian",
            "Big-thinking",
            "Boyish",
            "Breezy",
            "Businesslike",
            "Busy",
            "Casual",
            "Cerebral",
            "Chummy",
            "Circumspect",
            "Competitive",
            "Complex",
            "Confidential",
            "Conservative",
            "Contradictory",
            "Crisp",
            "Cute",
            "Deceptive",
            "Determined",
            "Dominating",
            "Dreamy",
            "Driving",
            "Droll",
            "Dry",
            "Earthy",
            "Effeminate",
            "Emotional",
            "Enigmatic",
            "Experimental",
            "Familial",
            "Folksy",
            "Formal",
            "Freewheeling",
            "Frugal",
            "Glamorous",
            "Guileless",
            "High-spirited",
            "Hurried",
            "Hypnotic",
            "Iconoclastic",
            "Idiosyncratic",
            "Impassive",
            "Impersonal",
            "Impressionable",
            "Intense",
            "Invisible",
            "Irreligious",
            "Irreverent",
            "Maternal",
            "Mellow",
            "Modern",
            "Moralistic",
            "Mystical",
            "Neutral",
            "Noncommittal",
            "Noncompetitive",
            "Obedient",
            "Old-fashioned",
            "Ordinary",
            "Outspoken",
            "Paternalistic",
            "Physical",
            "Placid",
            "Political",
            "Predictable",
            "Preoccupied",
            "Private",
            "Progressive",
            "Proud",
            "Pure",
            "Questioning",
            "Quiet",
            "Religious",
            "Reserved",
            "Restrained",
            "Retiring",
            "Sarcastic",
            "Self-conscious",
            "Sensual",
            "Skeptical",
            "Smooth",
            "Soft",
            "Solemn",
            "Solitary",
            "Stern",
            "Strict",
            "Stubborn",
            "Stylish",
            "Subjective",
            "Surprising",
            "Soft",
            "Tough",
            "Unaggressive",
            "Unambitious",
            "Unceremonious",
            "Unchanging",
            "Undemanding",
            "Unfathomable",
            "Unhurried",
            "Uninhibited",
            "Unpatriotic",
            "Unpredictable",
            "Unsentimental",
            "Whimsical",
            "Negative Personality Traits",
            "Abrasive",
            "Abrupt",
            "Agonizing",
            "Aggressive",
            "Aimless",
            "Aloof",
            "Amoral",
            "Angry",
            "Anxious",
            "Apathetic",
            "Arbitrary",
            "Argumentative",
            "Arrogant",
            "Artificial",
            "Asocial",
            "Bewildered",
            "Bizarre",
            "Bland",
            "Blunt",
            "Boisterous",
            "Brittle",
            "Brutal",
            "Calculating",
            "Callous",
            "Cantankerous",
            "Careless",
            "Charmless",
            "Childish",
            "Clumsy",
            "Coarse",
            "Cold",
            "Colorless",
            "Complacent",
            "Complaining",
            "Compulsive",
            "Conceited",
            "Condemnatory",
            "Conformist",
            "Confused",
            "Contemptible",
            "Conventional",
            "Cowardly",
            "Crass",
            "Crazy",
            "Criminal",
            "Critical",
            "Crude",
            "Cruel",
            "Cynical",
            "Decadent",
            "Deceitful",
            "Delicate",
            "Demanding",
            "Dependent",
            "Desperate",
            "Destructive",
            "Devious",
            "Difficult",
            "Disconcerting",
            "Discontented",
            "Discouraging",
            "Discourteous",
            "Dishonest",
            "Disloyal",
            "Disobedient",
            "Disorderly",
            "Disorganized",
            "Disputatious",
            "Disrespectful",
            "Disruptive",
            "Dissonant",
            "Distractible",
            "Disturbing",
            "Dogmatic",
            "Domineering",
            "Dull",
            "Easily Discouraged",
            "Egocentric",
            "Envious",
            "Erratic",
            "Escapist",
            "Extravagant",
            "Extreme",
            "Faithless",
            "FALSE",
            "Fanatical",
            "Fanciful",
            "Fatalistic",
            "Fawning",
            "Fearful",
            "Fickle",
            "Fiery",
            "Fixed",
            "Flamboyant",
            "Foolish",
            "Forgetful",
            "Fraudulent",
            "Frightening",
            "Frivolous",
            "Gloomy",
            "Graceless",
            "Greedy",
            "Grim",
            "Gullible",
            "Hateful",
            "Haughty",
            "Hedonistic",
            "Hesitant",
            "Hidebound",
            "High-handed",
            "Hostile",
            "Ignorant",
            "Imitative",
            "Impatient",
            "Impractical",
            "Imprudent",
            "Impulsive",
            "Inconsiderate",
            "Incurious"
        ]
    },
    {
        "POS": "subtrait3",
        "Entries": [
            "Absentminded",
            "Aggressive",
            "Ambitious",
            "Amusing",
            "Artful",
            "Ascetic",
            "Authoritarian",
            "Big-thinking",
            "Boyish",
            "Breezy",
            "Businesslike",
            "Busy",
            "Casual",
            "Cerebral",
            "Chummy",
            "Circumspect",
            "Competitive",
            "Complex",
            "Confidential",
            "Conservative",
            "Contradictory",
            "Crisp",
            "Cute",
            "Deceptive",
            "Determined",
            "Dominating",
            "Dreamy",
            "Driving",
            "Droll",
            "Dry",
            "Earthy",
            "Effeminate",
            "Emotional",
            "Enigmatic",
            "Experimental",
            "Familial",
            "Folksy",
            "Formal",
            "Freewheeling",
            "Frugal",
            "Glamorous",
            "Guileless",
            "High-spirited",
            "Hurried",
            "Hypnotic",
            "Iconoclastic",
            "Idiosyncratic",
            "Impassive",
            "Impersonal",
            "Impressionable",
            "Intense",
            "Invisible",
            "Irreligious",
            "Irreverent",
            "Maternal",
            "Mellow",
            "Modern",
            "Moralistic",
            "Mystical",
            "Neutral",
            "Noncommittal",
            "Noncompetitive",
            "Obedient",
            "Old-fashioned",
            "Ordinary",
            "Outspoken",
            "Paternalistic",
            "Physical",
            "Placid",
            "Political",
            "Predictable",
            "Preoccupied",
            "Private",
            "Progressive",
            "Proud",
            "Pure",
            "Questioning",
            "Quiet",
            "Religious",
            "Reserved",
            "Restrained",
            "Retiring",
            "Sarcastic",
            "Self-conscious",
            "Sensual",
            "Skeptical",
            "Smooth",
            "Soft",
            "Solemn",
            "Solitary",
            "Stern",
            "Strict",
            "Indecisive",
            "Indulgent",
            "Inert",
            "Inhibited",
            "Insecure",
            "Insensitive",
            "Insincere",
            "Insulting",
            "Intolerant",
            "Irascible",
            "Irrational",
            "Irresponsible",
            "Irritable",
            "Lazy",
            "Malicious",
            "Mannerless",
            "Mechanical",
            "Meddlesome",
            "Melancholic",
            "Messy",
            "Miserable",
            "Miserly",
            "Misguided",
            "Mistaken",
            "Money-minded",
            "Moody",
            "Morbid",
            "Muddle-headed",
            "Naive",
            "Narcissistic",
            "Narrow",
            "Narrow-minded",
            "Negative",
            "Neglectful",
            "Neurotic",
            "Nihilistic",
            "Obnoxious",
            "Obsessive",
            "Obvious",
            "Odd",
            "Offhand",
            "One-dimensional",
            "One-sided",
            "Opinionated",
            "Opportunistic",
            "Oppressed",
            "Outrageous",
            "Paranoid",
            "Passive",
            "Pedantic",
            "Perverse",
            "Petty",
            "Plodding",
            "Pompous",
            "Possessive",
            "Power-hungry",
            "Predatory",
            "Prejudiced",
            "Presumptuous",
            "Pretentious",
            "Prim",
            "Procrastinating",
            "Provocative",
            "Puritanical",
            "Quirky",
            "Reactionary",
            "Reactive",
            "Regimental",
            "Regretful",
            "Repentant",
            "Repressed",
            "Resentful",
            "Ridiculous",
            "Rigid",
            "Ritualistic",
            "Ruined",
            "Sadistic",
            "Sanctimonious",
            "Scheming",
            "Scornful",
            "Secretive",
            "Sedentary",
            "Selfish",
            "Self-indulgent",
            "Shallow",
            "Shortsighted",
            "Sloppy",
            "Slow",
            "Sly",
            "Small-thinking",
            "Softheaded",
            "Sordid",
            "Steely",
            "Stiff",
            "Stupid",
            "Submissive",
            "Superficial",
            "Superstitious",
            "Suspicious",
            "Tactless",
            "Tasteless",
            "Tense",
            "Thievish",
            "Thoughtless",
            "Timid",
            "Transparent",
            "Treacherous",
            "Trendy",
            "Troublesome",
            "Unappreciative",
            "Uncaring",
            "Uncharitable",
            "Unconvincing",
            "Uncooperative",
            "Uncreative",
            "Uncritical",
            "Unctuous",
            "Undisciplined",
            "Unfriendly",
            "Ungrateful",
            "Unhealthy",
            "Unimaginative",
            "Unimpressive",
            "Unlovable",
            "Unpolished",
            "Unprincipled",
            "Unrealistic",
            "Unreflective",
            "Unreliable",
            "Unrestrained",
            "Unstable",
            "Vacuous",
            "Vague",
            "Venomous",
            "Vindictive",
            "Vulnerable",
            "Weak",
            "Willful"
        ]
    },
    {
        "POS": "startphrase",
        "Entries": [
            "Try a contemptible goblin with this sidekick:",
            "Build a campaign around",
            "Try to turn an NPC into a BBEG with:",
            "This will end up being a mini-boss, but",
            "Throw us a bone with",
            "Take the L on"
        ]
    }
]